Feature,Test,p_value,statistic,-log10(p)
age,Mann-Whitney U,3.726634665900011e-71,200263.5,70.428683180458
glucose_level,Mann-Whitney U,3.6403672710893236e-09,471239.0,8.438854798834148
bmi_value,Mann-Whitney U,2.7650284876017193e-05,510015.5,4.558300389876644
gender,Chi-square,0.5580285118426893,0.34312923759376157,0.2533436107047016
smoking_habit,Chi-square,2.0853997025008497e-06,29.14726919139926,5.680810692750728
employment_type,Chi-square,5.584097503494919e-09,38.00668602082237,8.253047007136308
residence,Chi-square,0.29833169286876987,1.0816367471627524,0.5253006074931352
has_hypertension,Chi-square,1.661621901511823e-19,81.6053682482931,18.77946779208499
has_heart_disease,Chi-square,2.0887845685229236e-21,90.25956125843324,20.68010634964456
